Unnamed: 0,costOfRevenue,ebit,grossProfit,incomeBeforeTax,incomeTaxExpense,interestExpense,minorityInterest,netIncome,netIncomeApplicableToCommonShares,netIncomeFromContinuingOps,operatingIncome,otherOperatingExpenses,sellingGeneralAdministrative,totalOperatingExpenses,totalOtherIncomeExpenseNet,totalRevenue,accountsPayable,capitalSurplus,cash,commonStock,deferredLongTermAssetCharges,deferredLongTermLiab,goodWill,intangibleAssets,inventory,longTermDebt,longTermInvestments,minorityInterest.1,netReceivables,netTangibleAssets,otherAssets,otherCurrentAssets,otherCurrentLiab,otherLiab,otherStockholderEquity,propertyPlantEquipment,retainedEarnings,shortLongTermDebt,shortTermInvestments,totalAssets,totalCurrentAssets,totalCurrentLiabilities,totalLiab,totalStockholderEquity,treasuryStock,class,start_price,end_price,percentage_change,binary,sector,dilutedEPS,marketPricePerShare,PE_ratio,ROE,ROCE,grossProfitMargin,netProfitMargin,coverageRatio,currentRatio,quickRatio,debtToEquityRatio,totalAssetTurnover,ROA
AALI.jk,1.55E+13,2.33E+12,3.54E+12,2.21E+12,6.86E+11,-2.14E+11,4.85E+11,1.44E+12,1.44E+12,1.52E+12,2.33E+12,83624000000,1.13E+12,1.68E+13,-1.19E+11,1.91E+13,1.09E+12,3.88E+12,49082000000,9.62E+11,8.39E+11,1.4E+11,55951000000,1.4E+11,2.68E+12,3.61E+12,1.73E+11,4.85E+11,6.63E+11,1.89E+13,3.99E+12,1.11E+12,6.12E+11,7E+11,-33444000000,1.81E+13,1.42E+13,1.18318E+12,1.4E+11,2.69E+13,4.5E+12,3.08E+12,7.38E+12,1.9E+13,-33444000000,FALSE,11574.69629,10759.93066,-0.070391966,0,consumer_noncylicals,747.4,12409.03846,16.60294148,0.075789474,0.097816961,0.185340314,0.07539267,-10.88785047,1.461038961,0.27665,3.22391249,0.710037175,0.053531599
ACES.jk,3.99E+12,1.2E+12,3.25E+12,1.21E+12,2.31E+11,-714503007,10052978822,9.65E+11,9.65E+11,9.76E+11,1.2E+12,-1.31E+11,2.18E+12,6.04E+12,4048186539,7.24E+12,1.98E+11,4.04E+11,7.99E+11,1.72E+11,1.13E+11,1.4E+11,1.4E+11,8001850383,3E+12,1.4E+11,1.4E+11,10052978822,36642626059,4.22E+12,6.56E+11,54982451169,1.63E+11,4.55E+11,239797199,5.61E+11,3.67E+12,1.4E+11,6224968013,5.32E+12,4.1E+12,6.31E+11,1.09E+12,4.23E+12,-19226545201,TRUE,1050.829834,1381.124756,0.314318181,1,consumer_cylicals,56.49,1346.615385,23.83811976,0.228132388,0.255918106,0.448895028,0.133287293,-1679.489083,6.497622821,1.334180022,0.066193853,1.360902256,0.181390977
ADRO.jk,2417015000,1012909000,1202736000,820998000,343457000,-65084000,652293000,417720000,417720000,477541000,1012909000,-4171000,193998000,2606842000,-191911000,3619751000,341766000,1154494000,927896000,342940000,27336000,1.4E+11,793610000,1.4E+11,112005000,1085959000,591785000,652293000,385734000,2856789000,168642000,85512000,181903000,730372000,-8312000,3906424000,2161277000,182671000,89147000,7060755000,1600294000,816443000,2758063000,3650399000,-8312000,FALSE,1208.464233,841.6401367,-0.303545679,-1,energy,0.01,1881.576923,188157.6923,0.114431327,0.162213067,0.332270369,0.115400203,-15.56310307,1.960080496,1.718156687,0.347531873,0.512657782,0.059160812
AKRA.jk,2.2E+13,9.69E+11,1.55E+12,9.15E+11,2.51E+11,-86484498000,1.56E+12,1.64E+12,1.64E+12,6.63E+11,9.69E+11,-53150773000,6.34E+11,2.26E+13,-54042261000,2.35E+13,5E+12,1.29E+12,2.17E+12,4.01E+11,2.53E+11,1.4E+11,4.16331E+11,1.4E+11,4.11E+12,1.8E+12,4.18E+11,1.56E+12,4.65E+12,8.37E+12,3.33E+12,2.86E+11,2.98E+11,1.48E+11,2.72E+11,4.92E+12,6.41E+12,1.11E+12,6.62216E+11,1.99E+13,1.13E+13,8.06E+12,1E+13,8.37E+12,2.72E+11,FALSE,1032.81604,731.6519165,-0.291595126,-1,energy,82.69,939.3615385,11.36003796,0.195937873,0.081841216,0.065957447,0.069787234,-11.20432011,1.401985112,168.7540784,0.347670251,1.180904523,0.08241206
ANTM.jk,2.06E+13,1.85E+12,4.69E+12,2.01E+12,3.77E+11,-5.28E+11,18970000,1.64E+12,1.64E+12,1.64E+12,1.85E+12,2.98E+11,2.5E+12,2.34E+13,1.67E+11,2.53E+13,8.68E+11,3.93E+12,4.3E+12,2.4E+12,1.41E+11,1.75382E+11,1.02E+11,50860511000,1.85E+12,7.35E+12,1.15E+12,18970000,9.95E+11,1.83E+13,2.66E+12,1.78E+11,8.98E+11,8.37E+11,3.96E+12,2.09E+13,8.15E+12,1.12E+12,1.4E+11,3.22E+13,7.34E+12,5.56E+12,1.37E+13,1.84E+13,3.96E+12,TRUE,596.9009399,732.2533569,0.226758592,1,basic_materials,181.77,814.1538462,4.479033098,0.089130435,0.069444444,0.185375494,0.064822134,-3.503787879,1.320143885,0.977517986,0.460326087,0.785714286,0.050931677
APIC.jk,1.6E+11,0,2.64E+11,78692070821,8292348150,-3.87614E+11,64851872641,67513818889,67513818889,70399722671,67197754979,5026733161,1.88E+11,3.57E+11,11494315842,4.24E+11,5.31E+11,43468025404,1.43E+11,1.22E+12,9399249956,1.4E+11,1.4E+11,652263824,1.4E+11,1.4E+11,63751080000,64851872641,1.36E+12,1.66E+12,1.3E+11,11641584526,11850822202,1.64E+11,4401604237,1.82E+11,3.98E+11,1.74E+11,1.4E+11,2.9E+12,2.52E+12,1E+12,1.17E+12,1.66E+12,4401604237,TRUE,466,540,0.158798283,1,financials,5.74,504.4807692,87.88863575,0.040670975,0,0.622641509,0.159230705,-403.5260867,2.52,1.643,0.189156627,0.146206897,0.023280627
APLN.jk,2.64E+12,1.14E+12,2.4E+12,3.89E+11,1.83E+11,-7.2E+11,3.34E+12,41607143000,41607143000,2.06E+11,1.14E+12,59956154000,1.2E+12,3.89E+12,-7.52E+11,5.04E+12,1.03E+12,1.03E+12,8.46E+11,1.94E+12,1.03E+11,30495281000,30334910000,1.4E+11,3.69E+12,7.32E+12,5.87E+11,3.34E+12,1.68E+12,8.75E+12,1.63E+13,1.77E+12,3.51E+12,2.25E+12,81888989000,4.43E+12,5.74E+12,3.03E+12,1.4E+11,2.96E+13,8.28E+12,7.89E+12,1.75E+13,8.78E+12,81888989000,FALSE,210,152,-0.276190476,-1,properties_realestate,1.53,183.4653846,119.9120161,0.004738855,0.052510364,0.476190476,0.008255386,-1.583333333,1.049429658,0.337896071,1.17881549,0.17027027,0.001405647
ASII.jk,1.95E+14,2.82E+13,4.47E+13,3.5E+13,7.62E+12,-3.11E+12,3.74E+13,2.17E+13,2.17E+13,2.74E+13,2.82E+13,2.85665E+11,1.65E+13,2.11E+14,6.83E+12,2.39E+14,4.19E+13,1.14E+12,2.52E+13,2.02E+12,4.21E+12,1.4E+11,4.41E+12,8.8E+12,2.65E+13,4E+13,3.82E+13,3.74E+13,3.56E+13,1.24E+14,3.65E+13,3.32E+12,1.75E+13,1.35E+13,6.05E+12,8.07E+13,1.28E+14,2.58E+13,5.91E+11,3.45E+14,1.31E+14,1.16E+14,1.7E+14,1.37E+14,6.05E+12,TRUE,7089.832031,7214.78418,0.017624134,0,industrials,535,7534.807692,14.0837527,0.158394161,0.123144105,0.187029289,0.090794979,-9.067524116,1.129310345,0.529232759,0.480291971,0.692753623,0.062898551
ASSA.jk,1.2E+12,3.56E+11,6.61E+11,1.83E+11,41089431409,-1.75E+11,52161763330,1.44E+11,1.44E+11,1.42E+11,3.56E+11,51623957992,2.53E+11,1.51E+12,-1.73E+11,1.86E+12,41776117456,3.75E+11,2.28E+11,3.4E+11,2305386434,1.4E+11,4.16331E+11,8766960657,41555654253,1.6E+12,4.71266E+12,52161763330,2.39E+11,1.08E+12,3.04E+12,7670287023,1.51E+11,1.7E+11,1.4E+11,4.79E+11,3.72E+11,7.27E+11,1.4E+11,4.06E+12,5.37E+11,1.15E+12,2.92E+12,1.09E+12,1.4E+11,TRUE,194.2864532,364,0.873522286,1,transportation_logistic,38.98,262.9538462,6.745865731,0.132110092,0.12233677,0.355376344,0.077419355,-2.034285714,0.466956522,0.527826087,2.134862385,0.458128079,0.03546798
BBCA.jk,1.29E+12,0,5.91E+13,3.27E+13,6.85E+12,-3.87614E+11,93743000000,2.59E+13,2.59E+13,2.59E+13,3.28E+13,2.51E+12,2.38E+13,2.76E+13,-90038000000,6.04E+13,6.37E+14,5.55E+12,5.98E+13,1.54E+12,3.15E+12,1.4E+11,1.68E+11,5.12E+11,5.37E+11,7.31E+11,1.09E+14,93743000000,2.26E+11,1.51E+14,5.58E+14,5.97E+13,1.33E+13,1.93E+13,9E+12,1.93E+13,1.36E+14,1.93E+12,1.13E+13,8.25E+14,1.38E+14,6.53E+14,6.73E+14,1.52E+14,9E+12,TRUE,3965.378174,4759.14209,0.200173573,1,financials,209.8,4690.942308,22.35911491,0.170394737,0,0.978476821,0.428807947,-403.5260867,0.211332312,0.109228178,0.017506579,0.073212121,0.031393939
BBNI.jk,5.83E+11,0,3.88E+13,1.98E+13,4.73E+12,-3.87614E+11,2.3E+12,1.5E+13,1.5E+13,1.51E+13,1.86E+13,2.34E+12,1.79E+13,2.08E+13,1.24E+12,3.94E+13,5.93E+14,1.46E+13,6.33E+13,9.05E+12,1.68E+12,4.46E+11,1.4E+11,1.4E+11,9.6E+11,4.14E+13,1.16E+14,2.3E+12,3.43E+12,1.08E+14,5.28E+14,6.18E+13,2.32E+13,1.56E+13,1.34E+13,2.61E+13,7.1E+13,1.18318E+12,3.17E+12,8.09E+14,1.39E+14,6.41E+14,6.98E+14,1.08E+14,1.34E+13,FALSE,8522.605469,7792.097656,-0.085714142,0,financials,805,8217.211538,10.2077162,0.138888889,0,0.984771574,0.38071066,-403.5260867,0.216848674,0.109048362,3.22391249,0.048702101,0.018541409
BBRI.jk,1.19E+12,0,7.63E+13,4.18E+13,9.34E+12,-3.87614E+11,2.31E+12,3.24E+13,3.24E+13,3.24E+13,3.59E+13,5.2E+12,3.52E+13,4.16E+13,5.88E+12,7.75E+13,0,0,1.98E+11,6167291000,0,0,17300589000,17300589000,0,73092632000,1.87E+11,0,0,0,1.3E+12,0,0,0,16692548000,26900000000,1.6E+11,0,1.98E+11,1.3E+12,0,0,1.11E+12,1.82968E+14,0,TRUE,2935.489258,3033.385742,0.033349291,0,financials,264.66,3339.884615,12.61952926,0.177080145,0,0.984516129,0.418064516,-403.5260867,2.5053161,168.7540784,0.000399483,59.61538462,24.92307692
BBTN.jk,9.24E+11,0,9.52E+12,3.61E+12,8.02E+11,-3.87614E+11,1.6851E+12,2.81E+12,2.81E+12,2.81E+12,4E+12,3.49E+11,5.18E+12,6.45E+12,-3.85E+11,1.04E+13,2.14E+14,2.05E+12,2.93E+13,5.3E+12,2.6E+11,1.74E+11,1.4E+11,1.4E+11,77591000000,2.2E+13,1.24E+13,1.4E+11,1.1E+12,2.38E+13,2.36E+14,1.93E+13,2.71E+12,2.48E+13,2.78E+12,5.02E+12,1.37E+13,1.56E+13,1E+11,3.06E+14,5.34E+13,2.36E+14,2.83E+14,2.38E+13,2.78E+12,FALSE,3290.216797,2373.257568,-0.278692647,-1,financials,265,2950.846154,11.13526851,0.118067227,0,0.915384615,0.270192308,-403.5260867,0.226271186,0.129237288,1.579831933,0.033986928,0.009183007
BDMN.jk,0,0,1.53E+13,4.93E+12,1.35E+12,-3.87614E+11,6.29E+11,3.92E+12,3.92E+12,3.57E+12,4.97E+12,5.41E+12,4.96E+12,1.04E+13,-47772000000,1.53E+13,1.04E+14,7.26E+12,4.21E+12,5.9E+12,2.69E+12,1.75382E+11,4.16331E+11,1.59E+12,6.46E+11,2.46E+13,2E+13,6.29E+11,3.04521E+12,3.97E+13,1.36E+14,1.34E+13,1.05E+13,2.78E+12,-2.27E+11,1.9E+12,2.84E+13,1.18318E+12,8.83E+12,1.87E+14,2.75E+13,1.17E+14,1.45E+14,4.13E+13,-2.27E+11,TRUE,5350.625488,5978.625,0.117369364,1,financials,409.21,6794.519231,16.60399118,0.094915254,0,1,0.25620915,-403.5260867,0.235042735,168.7540784,3.22391249,0.081818182,0.020962567
BEST.jk,2.72E+11,5.7E+11,6.9E+11,4.47E+11,24895991937,-1.41E+11,466805331,4.23E+11,4.23E+11,4.23E+11,5.7E+11,3714903561,1.17E+11,3.93E+11,-1.22E+11,9.63E+11,31445500426,1.97E+11,1.13E+12,9.65E+11,1.4E+11,1.4E+11,1.4E+11,1.4E+11,1.25E+12,1.7E+12,80636298860,466805331,1.45E+11,4.17E+12,3.27E+12,2.32E+11,92336626468,59680632167,33892188336,1.81E+11,2.98E+12,1.94E+11,1.4E+11,6.29E+12,2.76E+12,3.55E+11,2.12E+12,4.17E+12,33892188336,FALSE,232.8334961,200.9457397,-0.136955193,0,properties_realestate,43.81,236.6961538,5.402788263,0.101438849,0.096040438,0.716510903,0.439252336,-4.042553191,7.774647887,3.985915493,0.454196643,0.153100159,0.067249603
BFIN.jk,60837000000,0,3.31E+12,1.84E+12,3.72E+11,-3.87614E+11,4000000,1.47E+12,1.47E+12,1.47E+12,1.83E+12,-92559000000,1.56E+12,1.54E+12,9288000000,3.37E+12,1.25E+11,5.53E+11,7.55E+11,3.99E+11,68382000000,1.4E+11,1.4E+11,32374000000,1.4E+11,1.21E+13,1.4E+11,4000000,1.74E+13,6.17E+12,1.57E+11,1.47E+11,67297000000,3.14E+11,-40242000000,5.3E+11,5.54E+12,1.18318E+12,1.4E+11,1.91E+13,1.84E+13,5.04E+11,1.29E+13,6.2E+12,-2.92E+11,FALSE,538.2996216,536.9671631,-0.00247531,0,financials,98,688.7884615,7.028453689,0.237096774,0,0.982195846,0.43620178,-403.5260867,36.50793651,36.29960317,3.22391249,0.176439791,0.076963351
BJBR.jk,2.07E+11,0,6.71E+12,1.94E+12,3.85E+11,-3.87614E+11,48740000000,1.55E+12,1.55E+12,1.55E+12,2.06E+12,2.92E+11,4.36E+12,4.86E+12,-1.21E+11,6.92E+12,8.84E+13,1.06E+12,1.33E+13,2.46E+12,1.56E+11,1.35E+11,1.4E+11,1.4E+11,2.85923E+12,1.05E+13,7.37E+12,48740000000,1.09E+11,1.12E+13,8.04E+13,1.11E+13,1.65E+12,5.52E+11,1.76E+12,3.27E+12,5.96E+12,4.37E+11,2.82E+12,1.2E+14,2.92E+13,9.78E+13,1.09E+14,1.12E+13,1.76E+12,FALSE,1733.827271,1540.783447,-0.111339709,0,financials,156.93,2063.788462,13.15101295,0.138392857,0,0.969653179,0.223988439,-403.5260867,0.298568507,0.165940695,0.976517857,0.057666667,0.012916667
BJTM.jk,56854000000,0,3.91E+12,1.75E+12,4.93E+11,-3.87614E+11,1.6851E+12,1.26E+12,1.26E+12,1.26E+12,1.71E+12,2.16E+11,1.99E+12,2.26E+12,47777000000,3.97E+12,5.17E+13,5.21E+11,1.54E+13,3.74E+12,4.68E+11,21924000000,1.4E+11,1.4E+11,1.4E+11,10113000000,7.79E+12,1.4E+11,34069000000,8.47E+12,3.32E+13,4.61E+12,5.31E+11,1.98E+11,6.29E+11,9.72E+11,3.58E+12,7.26E+11,5.67E+11,6.27E+13,2.07E+13,5.4E+13,5.42E+13,8.47E+12,6.29E+11,TRUE,470.5686035,484.9058533,0.030467927,0,financials,84.15,679.9038462,8.079665433,0.148760331,0,0.98488665,0.317380353,-403.5260867,0.383333333,0.296316093,0.086908264,0.063317384,0.020095694
BMRI.jk,1.48E+12,0,6.98E+13,3.39E+13,8.09E+12,-3.87614E+11,3.76E+12,2.5E+13,2.5E+13,2.59E+13,3.39E+13,4.41E+12,3.14E+13,3.73E+13,17688000000,7.12E+13,2061493000,0,1.25E+11,11666667000,0,0,3190000000,2764726000,0,68780376000,1.79E+11,0,0,0,1.2E+12,0,0,0,47800000000,38442696000,1.22E+11,0,1.25E+11,1.2E+12,0,0,1.02E+12,1.81203E+14,0,FALSE,2999.370605,2986.018799,-0.004451536,0,financials,36.81,3638.365385,98.84176542,0.137966811,0,0.980337079,0.351123596,-403.5260867,2.5053161,168.7540784,0.000379576,59.33333333,20.83333333
BNGA.jk,0,0,1.28E+13,4.85E+12,1.37E+12,-3.87614E+11,1005000000,3.48E+12,3.48E+12,3.48E+12,4.8E+12,2.94E+11,7.71E+12,8E+12,54120000000,1.28E+13,1.92E+14,7.03E+12,1.73E+13,1.61E+12,99863000000,1.99E+11,1.4E+11,1.6E+12,2.16E+11,5.49E+12,3.24E+13,1005000000,1.58E+12,3.8E+13,1.84E+14,2.07E+13,8.07E+12,5.13E+11,2.69E+12,5.45E+12,2.85E+13,3.71E+12,5.94E+11,2.67E+14,4.37E+13,2.21E+14,2.27E+14,3.96E+13,2.44E+12,FALSE,1045.16748,725.640625,-0.305718329,-1,financials,139.67,1063.769231,7.616304367,0.087878788,0,1,0.271875,-403.5260867,0.197737557,0.088117647,0.232323232,0.047940075,0.013033708
BRIS.jk,0,0,1.36E+12,1.54E+11,47441000000,-3.87614E+11,1.6851E+12,1.07E+11,1.07E+11,1.07E+11,2.16E+11,1.91E+11,9.51E+11,1.14E+12,-61917000000,1.36E+12,8.69E+12,517000000,4.07E+12,4.86E+12,1.64E+11,1.4E+11,1.4E+11,1.4E+11,2.39E+11,1.4E+11,9.09E+12,1.4E+11,32952000000,5.03E+12,2.11E+13,2.13E+12,1.7E+11,2.39E+13,8458000000,2.21E+11,1.6E+11,1.4E+11,7E+11,3.79E+13,7.43E+12,8.94E+12,3.28E+13,5.03E+12,8458000000,FALSE,591.4371819,517.5075073,-0.125000045,0,financials,10.09,576.1077844,57.09690628,0.021272366,0,1,0.078676471,-403.5260867,0.831096197,0.537242953,0.055666004,0.035883905,0.002823219
BRPT.jk,2270124000,662201000,805437000,455809000,197643000,-194755000,1527226000,72226000,72226000,258166000,662201000,2.85665E+11,143236000,2413360000,-206392000,3075561000,569519000,126594000,800572000,947615000,313000,28705000,485814000,1198771000,275091000,2234080000,42297000,1527226000,271726000,-509769000,593733000,633927000,107958000,937959000,-29767000,2678901000,138415000,430155000,47815000,7042491000,2042975000,1168410000,4340449000,1174816000,-37808000,TRUE,439.1013794,472.7045288,0.076527087,0,basic_materials,0,420.4754579,9343.202772,0.061478563,0.112732698,0.261882954,0.023483846,-3.400174578,1.748508657,0.958664339,2.267789169,0.436714935,0.010255746
BSDE.jk,2.01E+12,2.44E+12,4.61E+12,2.03E+12,3.31E+11,-8.94E+11,4.18E+12,1.29E+12,1.29E+12,1.7E+12,2.44E+12,95229571441,2.08E+12,4.19E+12,-4.05E+11,6.63E+12,1.16E+12,6.41E+12,8.14E+12,1.92E+12,1.4E+11,1.4E+11,9302932297,1.4696E+12,9.05E+12,1.31E+13,8.83E+12,4.18E+12,5.98E+11,2.61E+13,1.36E+13,2.54E+12,3.95E+12,2.45E+12,-4.57E+11,8.73E+12,1.85E+13,5.74E+11,5.96E+11,5.21E+13,2.09E+13,6.23E+12,2.18E+13,2.61E+13,-7.45E+11,FALSE,1700,1255,-0.261764706,-1,properties_realestate,67.43,1482.980769,21.99289291,0.049425287,0.053193809,0.695324284,0.194570136,-2.729306488,3.354735152,1.49823435,0.523908046,0.127255278,0.024760077
BTPS.jk,0,0,2.81E+12,1.3E+12,3.34E+11,-3.87614E+11,200000000,9.65E+11,9.65E+11,9.65E+11,1.3E+12,45084000000,1.47E+12,1.51E+12,-1159000000,2.81E+12,7.61E+12,8.46E+11,2.55E+12,7.7E+11,99584000000,1.4E+11,1.4E+11,45734000000,2.85923E+12,1.4E+11,1.45E+12,1.4E+11,1.4E+11,3.95E+12,7.18E+12,5.53E+11,1.14E+11,27542000000,27075000000,1.77E+11,2.35E+12,1.4E+11,6.62216E+11,1.2E+13,3.19E+12,8.01E+12,8.04E+12,4E+12,27075000000,TRUE,1188.027682,1706.00769,0.435999948,1,financials,130,1639.077381,12.60828755,0.24125,0,1,0.34341637,-403.5260867,0.398252185,168.7540784,0.07,0.234166667,0.080416667
BULL.jk,51848136,26619765,33584314,16000653,1140416,-9829140,12277336,13512937,13512937,14860237,26619765,2.85665E+11,6888799,58812685,-10619112,85432450,11214003,46397891,3549116,235026729,97581,1.4E+11,22342759,1.4E+11,2001270,69454579,1.4E+11,12277336,43004029,159197336,636541,18022456,7789188,2866965,15776045,222998373,-115660570,41118576,14528509,329977950,84000277,63838975,136160519,181540095,15776045,FALSE,141,117,-0.170212766,-1,energy,0,144.8722255,9343.202772,0.074435,0.100022047,0.393109574,0.158171011,-2.708249654,1.315814939,0.956808188,0.609083933,0.258903512,0.04095103
BUMI.jk,1001143156,75920023,110677256,166829576,8611227,-155529931,700995186,220411771,220411771,158218349,75920023,1244612,72039354,1035900389,90909553,1111820412,165514834,1600336728,88528723,1832624633,116180003,127781234,1.4E+11,1.4E+11,48139692,1547048178,1121427710,700995186,267710964,-197383345,677987763,47547166,499181770,697117698,-934566625,1646454722,-2695778081,144929,347,3906773939,460903744,1158996222,3403162098,-197383345,-934566625,FALSE,270,103,-0.618518519,-1,energy,0,237.0807692,9343.202772,-1.116668537,0.027629609,0.099545983,0.198244041,-0.488137701,0.397674932,0.307369452,-7.838519035,0.284587854,0.056417846
CLEO.jk,5.68E+11,1.08E+11,2.64E+11,81834159473,18572406999,-22163045575,583406,63262127839,63262127839,63261752474,1.08E+11,1142659906,1.54E+11,7.23E+11,-26207969399,8.31E+11,81468342743,2.6E+11,2681860260,2.4E+11,2518742350,1.4E+11,1.4E+11,1.4E+11,97450111811,27485257659,1.4E+11,583406,90824024194,6.35E+11,84910638252,2959611045,17547951014,46342296066,1.4E+11,5.5E+11,1.36E+11,4819553845,1.4E+11,8.34E+11,1.99E+11,1.21E+11,1.98E+11,6.35E+11,6.5935E+11,TRUE,149.0118256,280.2606812,0.880794897,1,consumer_noncylicals,6,246.8769231,41.14615385,0.099625398,0.151472651,0.317689531,0.076127711,-4.872976488,1.644628099,1.929800698,0.050873719,0.996402878,0.07585387
CPIN.jk,4.48E+13,6.48E+12,9.15E+12,5.91E+12,1.36E+12,-4.01E+11,15454000000,4.55E+12,4.55E+12,4.55E+12,6.48E+12,-19447000000,2.68E+12,4.75E+13,-5.74E+11,5.4E+13,1.73E+12,1.4E+11,2.8E+12,1.64E+11,32295000000,1.4E+11,4.45E+11,41461000000,5.84E+12,2.75E+12,56000000000,15454000000,2.87E+12,1.89E+13,1.32E+12,2.29E+12,9.03E+11,7.71E+11,-25109000000,1.17E+13,1.92E+13,1.18318E+12,6.62216E+11,2.76E+13,1.41E+13,4.73E+12,8.25E+12,1.94E+13,-25109000000,TRUE,2740.105225,6701.05957,1.445548262,1,consumer_noncylicals,278,4353.307692,15.65938019,0.234536082,0.283340621,0.169444444,0.084259259,-16.159601,2.980972516,168.7540784,3.22391249,1.956521739,0.164855072
CTRA.jk,4.06E+12,2.15E+12,3.61E+12,1.66E+12,3.52E+11,-7.32E+11,2.27E+12,1.19E+12,1.19E+12,1.3E+12,2.15E+12,-1.05E+11,1.57E+12,5.52E+12,-4.95E+11,7.67E+12,8.32E+11,3.59E+12,3.24E+12,4.64E+12,14997000000,1.4E+11,1.4E+11,1.4E+11,9.79E+12,6.82E+12,4.69E+11,2.27E+12,2.55E+12,1.44E+13,1.45E+13,5.42E+11,5.25E+12,2.83E+12,1770000000,3.12E+12,6.17E+12,5.36E+11,6.62216E+11,3.43E+13,1.62E+13,7.99E+12,1.76E+13,1.44E+13,-31578000000,FALSE,1120.703369,964.0907593,-0.139744926,0,properties_realestate,64,1034.403846,16.16256009,0.082638889,0.081717978,0.470664928,0.155149935,-2.93715847,2.027534418,168.7540784,0.510833333,0.22361516,0.034693878
DMAS.jk,4.57E+11,4.42E+11,5.79E+11,5.41E+11,44245159661,-90731255855,3508719606,4.96E+11,4.96E+11,4.96E+11,4.42E+11,2.85665E+11,1.38E+11,5.95E+11,98947297874,1.04E+12,2099451051,3.8E+11,7.45E+11,4.82E+12,1.4E+11,1.4E+11,1.4E+11,1.4E+11,2.7E+12,1.4E+11,97186135722,3508719606,84562153859,7.18E+12,3.41E+12,33424908496,2.51E+11,32123663260,1.4E+11,4.24E+11,1.99E+12,1.4E+11,1.4E+11,7.5E+12,3.57E+12,2.79E+11,3.12E+11,7.18E+12,1.4E+11,FALSE,83.66072845,80.9206543,-0.032752215,0,properties_realestate,10.3,151.2923077,14.68857356,0.06908078,0.061210359,0.556730769,0.476923077,-4.871529616,12.79569892,3.475133168,0.038997214,0.138666667,0.066133333
DOID.jk,679242250,163908802,213216355,107902359,32259059,-54887196,210,75643266,75643266,75643300,163908802,2.85665E+11,47373399,728549803,-56006443,892458605,128756779,144654118,66606898,47283998,6142364,1.4E+11,1.4E+11,1.4E+11,33427131,422189283,1.4E+11,210,229035770,261510799,84585555,85214292,5582918,45303772,290079,657789960,69282604,24741787,1.4E+11,1184094711,441719196,278812380,922583702,261510799,290079,FALSE,715,525,-0.265734266,-1,energy,0.01,825.6538462,82565.38462,0.289254846,0.181058214,0.238908958,0.084758291,-2.986284852,1.584288316,503.1901477,1.709034853,0.753705423,0.063882783
ELSA.jk,5.97E+12,3.81E+11,6.52E+11,3.77E+11,1.01E+11,-34542000000,1705000000,2.76E+11,2.76E+11,2.76E+11,3.81E+11,84234000000,2.71E+11,6.24E+12,-3957000000,6.62E+12,5.17E+11,4.36E+11,7.19E+11,7.3E+11,1.1E+11,1.4E+11,1.4E+11,18267000000,1.67E+11,2.13E+11,8946000000,1705000000,1.59E+12,3.28E+12,7.36E+11,6.65E+11,67454000000,27679000000,-44436000000,1.74E+12,2.18E+12,1.18318E+12,1.4E+11,5.66E+12,3.16E+12,2.12E+12,2.36E+12,3.3E+12,-44436000000,FALSE,320.5183716,299.7927856,-0.064662708,0,energy,37.86,393.9653846,10.40584745,0.083636364,0.107627119,0.098489426,0.041691843,-11.03005037,1.490566038,1.155188679,3.22391249,1.169611307,0.048763251
ERAA.jk,3.16E+13,1.47E+12,3.15E+12,1.2E+12,3.14E+11,-3.34E+11,1.33E+11,8.5E+11,8.5E+11,8.89E+11,1.47E+12,-1.5E+11,1.83E+12,3.33E+13,-2.71E+11,3.47E+13,2.81E+12,5.94E+11,2.72E+11,1.6E+12,66459581000,1.4E+11,6.09E+11,1.05E+11,7.19E+12,839899000,16616204000,1.33E+11,1.99E+12,3.98E+12,1.35E+12,4.31E+11,5.23E+11,1.15E+11,19086921000,5.54E+11,2.48E+12,638932000,1.4E+11,1.27E+13,1.01E+13,7.74E+12,7.86E+12,4.69E+12,19086921000,TRUE,127.816597,391.2752991,2.061224507,1,consumer_cylicals,54.8,388.9384615,7.097417181,0.181236674,0.296370968,0.090778098,0.024495677,-4.401197605,1.304909561,0.310335917,0.000315316,2.732283465,0.066929134
EXCL.jk,8.7E+12,8.63E+11,1.42E+13,-4.4E+12,-1.1E+12,-1.56E+12,1.6851E+12,-3.3E+12,-3.3E+12,-3.3E+12,8.63E+11,2.85665E+11,5.72E+12,2.21E+13,-5.26E+12,2.29E+13,7.87E+11,1.21E+13,1.05E+12,1.07E+12,2.84E+11,9248000000,6.68E+12,5.77E+12,1.89E+11,1.12E+13,4.71266E+12,1.4E+11,7.18E+11,5.89E+12,1.35E+12,1.29E+12,1.15E+13,3.04E+12,1.4E+11,3.68E+13,5.12E+12,1.33E+12,1.4E+11,5.76E+13,7.06E+12,1.57E+13,3.93E+13,1.83E+13,6.5935E+11,FALSE,2842.617432,1901.480713,-0.331081034,-1,infrastructures,-308,2608.653846,-8.469655344,-0.180327869,0.020596659,0.620087336,-0.144104803,-0.553205128,0.449681529,0.121528662,0.684699454,0.397569444,-0.057291667
GGRM.jk,7.71E+13,1.11E+13,1.86E+13,1.05E+13,2.69E+12,-6.78E+11,52000000,7.79E+12,7.79E+12,7.79E+12,1.11E+13,66014000000,7.46E+12,8.46E+13,-6.43E+11,9.57E+13,1.13E+12,53700000000,2.03E+12,9.62E+11,1.18E+11,1.4E+11,1.4E+11,1.4E+11,3.87E+13,4.97272E+12,1.4E+11,52000000,1.73E+12,4.51E+13,1.05E+12,2.06E+12,6.33E+11,1.96E+12,-33379000000,2.28E+13,4.42E+13,1.18318E+12,1.41E+11,6.91E+13,4.53E+13,2.2E+13,2.4E+13,4.51E+13,-33379000000,TRUE,72913.4375,75611.32813,0.037001281,0,consumer_noncylicals,118.7804969,75444.42308,9343.202772,0.172727273,0.23566879,0.194357367,0.081400209,-16.37168142,2.059090909,0.177318182,3.22391249,1.384949349,0.112735166
HMSP.jk,2.05E+13,1.69E+13,2.55E+13,1.8E+13,4.42E+12,-11660000000,1.6851E+12,1.35E+13,1.35E+13,1.35E+13,1.69E+13,2.85665E+11,8.61E+12,2.91E+13,1.08E+12,4.6E+13,3.37E+12,2.05E+13,1.55E+13,4.65E+11,3.35E+11,1.4E+11,60423000000,1.4E+11,1.61E+13,1.4E+11,70426000000,1.4E+11,3.82E+12,3.53E+13,1.35E+12,1.01E+12,1.01E+12,2.37E+12,6.16E+11,7.29E+12,1.37E+13,1.4E+11,1.27E+12,4.66E+13,3.78E+13,8.79E+12,1.12E+13,3.54E+13,6.16E+11,FALSE,3681.773926,2977.823975,-0.191198581,-1,consumer_noncylicals,116,3982.576923,34.33255968,0.381355932,0.446971701,0.554347826,0.293478261,-1449.399657,4.300341297,2.342434585,0.007909605,0.987124464,0.289699571
HOKI.jk,1.23E+12,1.29E+11,2.01E+11,1.21E+11,30627161799,-12974049318,741120,90196395145,90196395145,90195136265,1.29E+11,174310591,72298478253,1.3E+12,-8023780988,1.43E+12,4875583365,1.47E+11,42927581553,2.37E+11,3113638277,1.4E+11,1.4E+11,1.4E+11,1.42E+11,4.97272E+12,1.4E+11,741120,2.62E+11,5.63E+11,4691922760,43357969667,13391276082,12454553111,7.58733E+11,2.63E+11,1.79E+11,1.18318E+12,1.4E+11,7.59E+11,4.91E+11,1.83E+11,1.96E+11,5.63E+11,6.5935E+11,TRUE,76.73730469,163.9489594,1.136496193,1,consumer_noncylicals,9.25,176.2096154,19.04968815,0.160206741,0.223958333,0.140559441,0.063074402,-9.942925053,2.683060109,2.43129826,3.22391249,1.884057971,0.11883583
ICBP.jk,2.61E+13,6E+12,1.23E+13,6.51E+12,1.85E+12,-1.47E+11,1.09E+12,4.58E+12,4.58E+12,4.66E+12,6E+12,-2.29E+11,6.49E+12,3.24E+13,5.05E+11,3.84E+13,2.96E+12,5.99E+12,4.73E+12,5.83E+11,5.63E+11,1.28E+11,1.78E+12,2.14E+12,4E+12,8.52E+11,2.71E+12,1.09E+12,4.27E+12,1.77E+13,2.89E+12,4.53E+11,8.25E+11,3.57E+12,20730000000,1.07E+13,1.5E+13,2.45E+11,5.64E+11,3.44E+13,1.41E+13,7.24E+12,1.17E+13,2.16E+13,20730000000,TRUE,7801.349609,9579.613281,0.227943082,1,consumer_noncylicals,392,8821.057692,22.50269819,0.212037037,0.220913108,0.3203125,0.119270833,-40.81632653,1.947513812,1.320994475,0.050787037,1.11627907,0.133139535
INCO.jk,672899000,82480000,104001000,82617000,22105000,-3133000,10000,60512000,60512000,60512000,82480000,9943000,11578000,694420000,137000,776900000,91181000,277760000,301153000,136413000,1.4E+11,1.4E+11,1.4E+11,1.4E+11,131779000,4.97272E+12,1.4E+11,1.43933E+12,126774000,1883727000,136944000,27314000,5998000,143385000,1.4E+11,1434510000,1469554000,36519000,1.4E+11,2202452000,630998000,175340000,318725000,1883727000,1.4E+11,TRUE,2863.196777,3229.765137,0.128027652,1,basic_materials,0.01,3499,349900,0.032123551,0.040688428,0.13386665,0.077889046,-26.32620492,3.598711076,800.8892837,3.22391249,0.352743215,0.027474833
INDF.jk,5.32E+13,8.39E+12,2.02E+13,7.54E+12,2.58E+12,-1.55E+12,1.63E+13,4.17E+12,4.17E+12,4.96E+12,8.39E+12,-4.97E+11,1.23E+13,6.5E+13,-8.51E+11,7.34E+13,4.03E+12,2.84E+11,8.81E+12,8.78E+11,1.85E+12,8.06E+11,4.32E+12,2.14E+12,1.16E+13,7.92E+12,4.17E+12,1.63E+13,6.57E+12,2.72E+13,1.02E+13,1.84E+12,1.73E+12,7.5E+12,9.15E+12,4.24E+13,2.33E+13,4.5E+12,4.12E+12,9.65E+13,3.33E+13,3.12E+13,4.66E+13,3.36E+13,9.15E+12,TRUE,6258.995117,6400.879883,0.022668937,0,consumer_noncylicals,474,6753.173077,14.24720058,0.124107143,0.12848392,0.27520436,0.056811989,-5.412903226,1.067307692,0.625,0.369642857,0.760621762,0.043212435
INDY.jk,2321645585,377809562,641215316,277694685,179832496,-98020396,178566447,80067586,80067586,97862189,377809562,-5420299,133158938,2585051339,-100114877,2962860901,274218496,253826135,613047704,56892154,1662734,282673,698614543,621518970,73079903,1368286391,192811365,178566447,475124383,-371515839,51839489,218949330,269080307,495824109,67564486,645345134,570334899,44547041,71960738,3669952693,1459823192,670423025,2542768572,948617674,67564486,FALSE,2298.133301,1262.321899,-0.45071859,-1,energy,0.02,3274.057692,163702.8846,0.084404485,0.125956268,0.216417624,0.027023741,-3.854397426,2.177465775,1.730448958,1.489360225,0.807329453,0.021817062
INKP.jk,2136635000,894047000,1198806000,735755000,147549000,-184846000,544000,588127000,588127000,588206000,894047000,2.85665E+11,304759000,2441394000,-158292000,3335441000,174127000,5883000,756355000,2189016000,1.4E+11,1.4E+11,1.4E+11,1.4E+11,512111000,2898928000,11136000,544000,1096813000,3770988000,615658000,1103355000,73004000,260505000,12536000,3933605000,1563553000,365002000,692782000,8751013000,4190614000,1741730000,4979481000,3770988000,12536000,TRUE,5208.508301,11207.22949,1.151715778,1,basic_materials,0.11,13804.61538,125496.5035,0.155960984,0.127551848,0.359414542,0.176326609,-4.836712723,2.406006672,1.46173632,0.865537095,0.381149131,0.067206734
INTP.jk,1.08E+13,1.08E+12,4.36E+12,1.48E+12,3.38E+11,-3327000000,1.6851E+12,1.15E+12,1.15E+12,1.15E+12,1.08E+12,-29230000000,3.32E+12,1.41E+13,4.08E+11,1.52E+13,1.79E+12,2.7E+12,7.23E+12,1.84E+12,1.09E+11,1.4E+11,1.4E+11,4.86E+11,1.84E+12,1.4E+11,98377000000,1.4E+11,3.05E+12,2.27E+13,2.51E+11,1.47E+11,3.83E+11,6.36E+11,-2.1E+11,1.46E+13,1.89E+13,1.4E+11,6.62216E+11,2.78E+13,1.23E+13,3.93E+12,4.57E+12,2.32E+13,-2.1E+11,FALSE,17545.17969,15345.12793,-0.125393515,0,basic_materials,311.29,17950.76923,57.66574329,0.049568966,0.045245078,0.286842105,0.075657895,-324.6167719,3.129770992,168.7540784,0.012068966,0.54676259,0.041366906
IPTV.jk,2.57E+12,3.31E+11,6.6E+11,-1.12E+11,-43155000000,-1.91E+11,40061000000,-46988000000,-46988000000,-69131000000,3.31E+11,2.85665E+11,3.28E+11,2.9E+12,-4.44E+11,3.23E+12,6.33E+11,1.4E+11,75387000000,1.04E+13,1.35E+11,2.25E+11,4.16331E+11,1.4E+11,4.78E+11,1.97E+12,1.93E+11,40061000000,4.36E+11,2.98E+12,4.23E+11,2.45E+11,8.35E+11,91834000000,-7.07E+12,6.99E+12,-3.55E+11,2.13E+12,1.4E+11,9.13E+12,1.53E+12,4.04E+12,6.11E+12,2.98E+12,-7.07E+12,-1,0,0,0,0,consumer_cylicals,-1.91,0,0,-0.015767785,0.06502947,0.204334365,-0.014547368,-1.732984293,0.378712871,0.161234406,1.375838926,0.353778751,-0.00514655
ITMG.jk,1412939000,373718000,594691000,367363000,108607000,-1290000,-2776000,261951000,261951000,258756000,373718000,58332000,151909000,1633912000,-6355000,2007630000,194228000,329028000,368216000,63892000,46521000,161880000,1.4E+11,1.4E+11,107868000,4.97272E+12,1.4E+11,-2776000,235576000,972559000,311086000,35973000,64705000,83048000,-1636000,365192000,600486000,1.18318E+12,1.4E+11,1442728000,766450000,389897000,472945000,972559000,-20847000,TRUE,10715.46387,11851.11816,0.105982747,1,energy,0.24,25641.34615,106838.9423,0.269342014,0.354964852,0.296215438,0.130477727,-289.703876,1.965775577,360.6177837,3.22391249,1.391551283,0.181566449
JPFA.jk,2.86E+13,3.8E+12,7.67E+12,3.08E+12,8.3E+11,-5.61E+11,6.07E+11,2.17E+12,2.17E+12,2.25E+12,3.8E+12,-2.81E+11,4.15E+12,3.24E+13,-7.16E+11,3.62E+13,3.63E+12,1.69E+12,1.16E+12,1.88E+12,3.03E+11,1.4E+11,93479000000,46927000000,8.6E+12,5.16E+12,2.3E+11,6.07E+11,2.31E+12,1E+13,2.47E+12,1.19E+12,1.01E+12,1.21E+12,4.87E+11,8.65E+12,6.11E+12,9.95E+11,1212000000,2.48E+13,1.33E+13,7.69E+12,1.41E+13,1.02E+13,4.78E+11,TRUE,1077.804321,1886.724487,0.750526,1,consumer_noncylicals,187,1799.634615,9.623714519,0.212745098,0.222092344,0.211878453,0.059944751,-6.773618538,1.729518856,0.451392978,0.603431373,1.459677419,0.0875
JSMR.jk,3.07E+13,4.26E+12,6.32E+12,3.21E+12,1.17E+12,-1.75E+12,3.29E+12,2.2E+12,2.2E+12,2.04E+12,4.26E+12,8.72E+11,1.19E+12,3.27E+13,-1.05E+12,3.7E+13,3.22E+11,4E+12,5.94E+12,3.63E+12,11387000000,1.4E+11,41849000000,6.35E+13,40949000000,2.65E+13,3.23E+12,3.29E+12,5.19E+12,-4.66E+13,3.31E+12,2.98E+11,4.08E+12,4.6E+12,-6.05E+11,7.55E+11,9.89E+12,4.07E+12,1.44E+11,8.24E+13,1.16E+13,3.11E+13,6.22E+13,1.69E+13,-6.05E+11,FALSE,6240.195801,4228.625488,-0.322356922,-1,infrastructures,303.48,4713.519231,15.53156462,0.130177515,0.083040936,0.170810811,0.059459459,-2.434285714,0.372990354,0.362508039,1.80887574,0.449029126,0.026699029
KAEF.jk,5.4E+12,8.68E+11,3.06E+12,7.55E+11,2.2E+11,-2.27E+11,1.54E+11,4.92E+11,4.92E+11,5.35E+11,8.68E+11,-84965264000,2.19E+12,7.59E+12,-1.13E+11,8.46E+12,1.28E+12,77520935000,2.07E+12,5.55E+11,77169122000,2.63E+11,1.34E+11,50795759000,2.19E+12,1.86E+12,1.85E+11,1.54E+11,1.42E+12,3.81E+12,1.27E+12,6.78E+11,1.68E+11,5.7E+11,1.1E+12,3.32E+12,2.26E+12,2.12E+11,1.4E+11,1.13E+13,6.38E+12,4.75E+12,7.18E+12,3.99E+12,1.1E+12,FALSE,2635.806152,2558.173584,-0.029453064,0,healthcare,74.88,2394.192308,31.97372206,0.123308271,0.132519084,0.361702128,0.058156028,-3.823788546,1.343157895,0.764210526,0.519298246,0.748672566,0.043539823
KLBF.jk,1.14E+13,3.2E+12,9.67E+12,3.34E+12,8.39E+11,-19658761271,6.71E+11,2.46E+12,2.46E+12,2.5E+12,3.2E+12,-9807983228,6.24E+12,1.79E+13,1.33E+11,2.11E+13,1.29E+12,1.4E+11,3.15E+12,4.69E+11,1.31E+11,1.75382E+11,2.93E+11,1.4E+11,3.6E+12,2.6E+11,86106431228,6.71E+11,3.37E+12,1.42E+13,7.26E+11,2.78E+11,5.6E+11,3.05E+11,81597641394,6.25E+12,1.41E+13,27102572574,1.79E+11,1.81E+13,1.06E+13,2.29E+12,2.85E+12,1.46E+13,81597641394,FALSE,1532.491943,1406.46521,-0.082236474,0,healthcare,52.42,1438.923077,27.44988701,0.168493151,0.202403542,0.458293839,0.116587678,-162.7772959,4.628820961,2.925327511,0.01966456,1.165745856,0.135911602
LINK.jk,7.75E+11,1.31E+12,2.95E+12,1.12E+12,3.32E+11,-59597000000,2000000,7.89E+11,7.89E+11,7.89E+11,1.31E+12,-1812000000,9.31E+11,2.42E+12,-1.85E+11,3.73E+12,5.66E+11,1.43E+12,6E+11,3.04E+11,53043000000,1.4E+11,7345000000,84339000000,1.4E+11,4.97272E+12,1.4E+11,2000000,4.08E+11,4.66E+12,1.31E+11,2.6707E+12,23984000000,1.19E+11,1.4E+11,4.72E+12,3.64E+12,1.18318E+12,1.4E+11,6.02E+12,1.08E+12,1.1E+12,1.27E+12,4.75E+12,-6.25E+11,FALSE,4377.061523,3987.918457,-0.088905094,0,infrastructures,269,4815.365385,17.90098656,0.166105263,0.266260163,0.790884718,0.21152815,-21.9809722,0.981818182,1.043636364,3.22391249,0.619601329,0.131063123
LPKR.jk,6.56E+12,4.79E+11,4.72E+12,2.06E+12,3.97E+11,-5.47E+11,7.01E+12,7.2E+11,7.2E+11,1.66E+12,4.79E+11,8.08E+11,3.43E+12,1.08E+13,1.58E+12,1.13E+13,1.17E+12,4.08E+12,1.82E+12,2.31E+12,66774000000,1.75382E+11,5.84E+11,1.24E+11,2.54E+13,1.31E+13,5.26E+12,7.01E+12,2.67E+12,1.7E+13,4.67E+12,2.43E+12,4.54E+12,2.87E+12,6.54E+12,5.4E+12,5.02E+12,1.11E+11,3.63E+11,4.91E+13,3.3E+13,8.2E+12,2.43E+13,1.77E+13,6.33E+12,FALSE,384.1491089,201.5661926,-0.475291787,-1,properties_realestate,22.57,308.3437635,13.66166431,0.040677966,0.011711491,0.417699115,0.063716814,-0.875685558,4.024390244,0.591829268,0.746384181,0.230142566,0.014663951
LPPF.jk,3.91E+12,2.36E+12,6.34E+12,1.58E+12,4.78E+11,-31182000000,1.6851E+12,1.1E+12,1.1E+12,1.1E+12,2.36E+12,19921000000,3.63E+12,7.89E+12,-7.81E+11,1.02E+13,7.36E+11,1.4E+11,1.18E+12,3.87E+11,32351000000,1.4E+11,1.4E+11,1.4E+11,1.29E+12,1.4E+11,4.71266E+12,1.4E+11,2.21E+11,1.82E+12,7.73E+11,3.08E+11,1.12E+12,4.81E+11,-3.57E+12,1.25E+12,5.32E+12,1.4E+11,1.4E+11,5.04E+12,3.01E+12,2.74E+12,3.22E+12,1.82E+12,-3.9E+12,FALSE,8163.914551,4805.686523,-0.411350218,-1,consumer_cylicals,377,8305.673077,22.03096307,0.604395604,1.026086957,0.621568627,0.107843137,-75.68468989,1.098540146,0.562408759,0.153846154,2.023809524,0.218253968
LSIP.jk,3.35E+12,3.09E+11,6.68E+11,4.17E+11,87626000000,-425000000,3894000000,3.31E+11,3.31E+11,3.29E+11,3.09E+11,-14433000000,3.73E+11,3.71E+12,1.08E+11,4.02E+12,2.34E+11,1.03E+12,1.66E+12,6.82E+11,14038000000,32856000000,1.4E+11,1.4E+11,4.89E+11,1.4E+11,9.59E+11,3894000000,1.52E+11,8.33E+12,4E+11,1.39E+11,1.71E+11,1.18E+12,12132000000,6.23E+12,6.61E+12,1.4E+11,1.4E+11,1E+13,2.44E+12,5.25E+11,1.71E+12,8.33E+12,8862000000,FALSE,1245.921631,1140.438477,-0.084662752,0,consumer_noncylicals,49,1235.461538,25.21350078,0.039735894,0.032612137,0.166169154,0.082338308,-727.0588235,4.647619048,3.718095238,0.033613445,0.402,0.0331
MAIN.jk,5.65E+12,5.33E+11,1.06E+12,3.98E+11,1.14E+11,-1.33E+11,-1713840000,2.85E+11,2.85E+11,2.84E+11,5.33E+11,33301304000,4.89E+11,6.17E+12,-1.35E+11,6.71E+12,2.6E+11,7.58E+11,1.44E+11,44775000000,2.08E+11,1.4E+11,1.4E+11,1.4E+11,8.01E+11,1.19E+12,1.4E+11,-1713840000,4.19E+11,1.9E+12,2.92E+11,5.76E+11,1.19E+11,99728192000,1.4E+11,2.09E+12,1.1E+12,3.96E+11,1.4E+11,4.34E+12,1.95E+12,1.15E+12,2.44E+12,1.9E+12,1.4E+11,TRUE,714.7935791,1367.099976,0.912580101,1,consumer_noncylicals,127,954.5576923,7.516202302,0.15,0.167084639,0.157973174,0.04247392,-4.007518797,1.695652174,0.611304348,0.834736842,1.546082949,0.065668203
MAPI.jk,9.98E+12,1.51E+12,8.94E+12,1.21E+12,3.99E+11,-2.76E+11,6.1E+11,7.36E+11,7.36E+11,8.14E+11,1.51E+12,2.85665E+11,7.44E+12,1.74E+13,-2.93E+11,1.89E+13,1.34E+12,1.76226E+12,1.41E+12,8.3E+11,1.92E+11,1.4E+11,4.16331E+11,1.37E+11,3.23E+12,4.17E+11,4.02E+11,6.1E+11,7.02E+11,5.32E+12,7.48E+11,8.17E+11,7.96E+11,7.35E+11,1.77E+12,4.03E+12,2.87E+12,9.89E+11,3.57E+11,1.26E+13,7.31E+12,5.42E+12,6.57E+12,5.45E+12,1.75E+12,TRUE,609.2017212,794.8101196,0.304674777,1,consumer_cylicals,44,785.7134615,17.85712413,0.135045872,0.210306407,0.473015873,0.038941799,-5.471014493,1.348708487,0.455535055,0.257981651,1.5,0.058412698
MDKA.jk,155120396,123215769,138761864,86770459,28902965,-29382971,66821213,52484129,52484129,57867494,123215769,48350,15381941,170666491,-36445310,293882260,42339606,228827551,14086200,33164174,14821247,1.4E+11,1.4E+11,1.4E+11,87381683,156658960,4.71266E+12,66821213,32484880,355331920,49767362,20703042,33882521,33214910,12140917,593386211,81199278,92779995,1.4E+11,797809378,154655805,182984988,375656245,355331920,12140917,TRUE,410.5307007,700,0.705109993,1,basic_materials,0,523.965833,9343.202772,0.147704515,0.200408069,0.472168221,0.178588966,-4.193441466,0.845183021,765.3445925,0.701988594,0.368361501,0.0657853
MEDC.jk,474993955,474884157,743257593,202189789,196480990,-188990540,168061691,-51302236,-51302236,5708799,474884157,15828751,149351005,743367391,-272694368,1218251548,119070783,372143976,418052511,109444392,90525828,1.4E+11,67024515,2319218,62317376,2405063739,953676115,168061691,345514193,1149855883,1027410732,960811417,431604218,358089422,30966275,1374847805,707055211,362462232,6211302,5252393746,1827115361,1101979278,3865132439,1219199616,30556037,FALSE,709.8096924,546.3141479,-0.230337154,-1,energy,-0.001304,871.2576322,-668142.356,-0.042078619,0.11441849,0.610101907,-0.042111365,-2.512740357,1.658030598,0.698541271,2.269953119,0.23194216,-0.009767401
MIKA.jk,1.45E+12,7.68E+11,1.26E+12,8.5E+11,1.91E+11,-14905279195,3.79E+11,6.14E+11,6.14E+11,6.59E+11,7.68E+11,-22483270302,5.16E+11,1.95E+12,82192920232,2.71E+12,96598517886,1.91E+12,8.31E+11,1.46E+11,79011716816,1.4E+11,1.3E+11,1.19E+11,39815270241,9818495546,1.4E+11,3.79E+11,3.57E+11,3.82E+12,3.56E+11,4557505682,76846414177,3.18E+11,31328809091,2.07E+12,2.32E+12,7894091194,1.18E+12,5.09E+12,2.42E+12,3.12E+11,6.39E+11,4.07E+12,-3.01E+11,FALSE,1729.495605,1504.947998,-0.129834159,0,healthcare,42,1815.307692,43.22161171,0.150859951,0.16073671,0.464944649,0.226568266,-51.52536829,7.756410256,7.58974359,0.004351987,0.532416503,0.120628684
MNCN.jk,2.64E+12,2.74E+12,4.8E+12,2.1E+12,4.98E+11,-3.53E+11,7.77E+11,1.53E+12,1.53E+12,1.61E+12,2.74E+12,2.85665E+11,1.62E+12,4.7E+12,-6.36E+11,7.44E+12,3.12E+11,2.6E+12,7.2E+11,1.43E+12,2.15E+11,3.42E+11,1.15E+12,1.25E+11,3.02E+12,3.18E+12,8.83E+11,7.77E+11,3.08E+12,8.59E+12,1.31E+12,2.41E+11,2.69E+11,3.03E+11,-3468000000,5.54E+12,8.67E+12,4.36E+11,1.4E+11,1.63E+13,7.34E+12,2.15E+12,5.7E+12,9.87E+12,-2.83E+12,FALSE,1235.065796,674.302063,-0.454035514,-1,consumer_cylicals,120.03,1111.326923,9.258743006,0.155015198,0.193639576,0.64516129,0.205645161,-7.76203966,3.413953488,1.83255814,0.366362715,0.456441718,0.093865031
MPMX.jk,1.48E+13,3.46E+11,1.13E+12,2.26E+11,1.79E+11,-4.59E+11,1.45E+11,3.66E+12,3.66E+12,46731000000,3.46E+11,-1.38E+11,9.18E+11,1.55E+13,-1.21E+11,1.59E+13,1.02E+12,1.48E+12,4.03E+12,2.23E+12,83154000000,1.4E+11,7.7E+11,52962000000,6.37E+11,9572000000,1.05E+12,1.45E+11,7.92E+11,7.8E+12,1.23E+12,75576000000,1.32E+12,3.38E+11,-10305000000,2.83E+12,5.16E+12,82496000000,2.69E+11,1.19E+13,6.01E+12,2.83E+12,3.17E+12,8.62E+12,-2.57E+11,FALSE,400.1704712,373.35495,-0.067010245,0,consumer_cylicals,871,925.3269231,1.062373046,0.424593968,0.03814774,0.071069182,0.230188679,-0.753812636,2.123674912,1.798939929,0.010680742,1.336134454,0.307563025
MTDL.jk,1.17E+13,5.78E+11,1.01E+12,5.79E+11,1.53E+11,-19190000000,7.96E+11,2.88E+11,2.88E+11,4.26E+11,5.78E+11,28806000000,3.75E+11,1.21E+13,1076000000,1.27E+13,1.48E+12,1.83E+11,6.81E+11,1.23E+11,24626000000,1.4E+11,1.4E+11,1.4E+11,1.33E+12,11111000000,76216000000,7.96E+11,1.91E+12,1.8E+12,1.9E+11,2.76E+11,2.37E+11,1.05E+11,1.7E+11,2.92E+11,1.33E+12,9215000000,1.4E+11,4.85E+12,4.29E+12,2.1E+12,2.25E+12,1.8E+12,1.7E+11,TRUE,118.3125763,159.3905334,0.347198569,1,technology,23.4,151.7692308,6.485864564,0.16,0.210181818,0.079527559,0.022677165,-30.11985409,2.042857143,1.30047619,0.011292222,2.618556701,0.059381443
MYOR.jk,1.77E+13,2.63E+12,6.38E+12,2.38E+12,6.22E+11,-4.93E+11,2E+11,1.72E+12,1.72E+12,1.76E+12,2.63E+12,2.85665E+11,3.67E+12,2.14E+13,-2.46E+11,2.41E+13,1.55E+12,330005500,2.5E+12,4.47E+11,89449452581,1.4E+11,1.4E+11,1.4E+11,3.35E+12,3.38E+12,1.4E+11,2E+11,6.08E+12,8.34E+12,6.86E+11,6.9E+11,1.35E+11,9.07E+11,-5711572628,4.26E+12,7.9E+12,1.13E+12,1.4E+11,1.76E+13,1.26E+13,4.76E+12,9.05E+12,8.34E+12,-5711572628,TRUE,1886.797241,2468.664307,0.308388762,1,consumer_noncylicals,77,2707.884615,35.16733266,0.206235012,0.20482866,0.26473029,0.071369295,-5.334685598,2.647058824,1.831932773,0.540767386,1.369318182,0.097727273
PGAS.jk,2602023129,633917577,1268243609,584904285,220265625,-150568328,627353311,304991574,304991574,364638660,633917577,-13881880,648207912,3236349161,-49013292,3870266738,213792906,1.76226E+12,1315234446,344018831,127295543,1.4E+11,55376,4494587,78508478,2735818692,381413453,627353311,905409799,2569987437,709640067,82955005,458684992,370828667,-528080802,4370060938,2758599371,77088965,63633805,7939273167,2473608746,1604524366,4737382456,2574537400,-528080802,TRUE,1413.142578,1740.426636,0.231600167,1,energy,0.01,2107.538462,210753.8462,0.118464612,0.100069884,0.327688941,0.078803761,-4.21016548,1.541646109,1.423648091,1.092587607,0.48748376,0.038415554
PNBN.jk,1.58E+11,0,9.34E+12,4.57E+12,1.39E+12,-3.87614E+11,3E+12,3.11E+12,3.11E+12,3.19E+12,4.45E+12,8.71E+11,4.02E+12,5.05E+12,1.27E+11,9.49E+12,1.38E+14,3.44E+12,6.25E+12,2.41E+12,1.27E+11,1.4E+11,1.4E+11,1.2E+11,1.15E+12,1.77E+13,1.13E+13,3E+12,6.85E+11,3.76E+13,1.5E+14,1.26E+13,3.01E+12,2.4E+12,7.33E+12,1.03E+13,2.46E+13,4.35E+12,1.36E+13,2.07E+14,3.6E+13,1.46E+14,1.66E+14,3.77E+13,7.33E+12,TRUE,1126.508911,1131.449707,0.004385936,0,financials,129.22,1031.615385,7.983403382,0.082493369,0,0.984193888,0.327713383,-403.5260867,0.246575342,0.140650685,0.584880637,0.045845411,0.015024155
PNLF.jk,3.45E+12,6.41E+11,9.31E+11,2.12E+12,1.27E+11,-3.87614E+11,1.98E+12,1.83E+12,1.83E+12,1.99E+12,6.41E+11,2.85665E+11,2.9E+11,3.74E+12,1.48E+12,4.38E+12,3.35E+12,1.4E+11,3.79E+12,4E+12,1.4E+11,4683000000,1.4E+11,2.67E+11,1.4E+11,1.4E+11,2.01E+13,1.98E+12,35648000000,2.15E+13,2.02E+11,1.64E+11,28130000000,1.02E+12,4.14E+12,1.63E+11,1.36E+13,1.4E+11,6.62216E+11,2.83E+13,7.54E+12,3.46E+12,4.48E+12,2.18E+13,4.14E+12,TRUE,242.2325592,261.7674255,0.080645089,1,financials,57.13,245.2269231,4.292436953,0.083944954,0.025805153,0.212557078,0.417808219,-403.5260867,2.179190751,168.7540784,0.012844037,0.154770318,0.064664311
POWR.jk,359130908,155831074,214976150,127908316,49014935,-26748439,1.6851E+12,78893381,78893381,78893381,155831074,2427122,56717954,418275984,-27922758,574107058,34113671,148162625,156399591,282002166,24923225,1.4E+11,1.4E+11,1.4E+11,43453923,538783622,1.4E+11,1.4E+11,70838555,640446654,59449294,4080762,17467255,66611056,-268329,901075458,211620180,1.4E+11,71526674,1308996128,348471376,63154796,668549474,640446654,-1338317,FALSE,861.5494995,630.9321899,-0.267677376,-1,infrastructures,0,1058.826923,9343.202772,0.123184937,0.125080995,0.374453069,0.137419284,-5.825800676,5.517734172,4.730675086,219.4387038,0.438585757,0.060270141
PPRE.jk,2.31E+12,6.5E+11,7.43E+11,5.21E+11,88853235591,-1.67E+11,5.54E+11,3.26E+11,3.26E+11,4.32E+11,6.5E+11,2.85665E+11,83031349635,2.4E+12,-1.29E+11,3.05E+12,1.14E+12,7.5E+11,6.31E+11,1.02E+12,1.4E+11,1.4E+11,2.47E+11,3385009200,1.68E+11,1.36E+12,4.71266E+12,5.54E+11,1.97E+12,2.03E+12,1.4E+11,3.01E+11,1.57E+11,9415744699,21972445128,2.89E+12,4.88E+11,1.18318E+12,1.4E+11,6.26E+12,3.12E+12,1.74E+12,3.42E+12,2.28E+12,21972445128,FALSE,381.7976379,296.1800842,-0.224248516,-1,infrastructures,32,385.1923077,12.03725962,0.142982456,0.14380531,0.243606557,0.106885246,-3.892215569,1.793103448,1.575287356,3.22391249,0.487220447,0.052076677
PSAB.jk,106857920,57261056,115742966,29156544,10009183,-34134049,49992277,15292905,15292905,19147361,57261056,2.85665E+11,48487668,165339830,-28104512,222600886,21884342,102481975,14739508,58830001,1.4E+11,1.4E+11,31498025,340658,65777235,247929529,4.71266E+12,49992277,5314124,288033783,1952908,30905909,7710833,119292725,-3240503,761293948,161800993,47823905,6.62216E+11,915784613,120699074,170536805,545919870,319872466,-3240503,TRUE,179,202,0.12849162,1,basic_materials,0,212.0730769,9343.202772,0.047809382,0.07683492,0.519957346,0.068701007,-1.677534827,0.707759677,168.7540784,0.924597974,0.243071223,0.016699238
PTBA.jk,1.25E+13,6.22E+12,8.69E+12,6.8E+12,1.68E+12,-1.04E+11,2.55E+11,5.02E+12,5.02E+12,5.12E+12,6.22E+12,-1.93E+11,2.66E+12,1.49E+13,5.75E+11,2.12E+13,1.05E+12,30486000000,6.3E+12,1.15E+12,7.25E+11,1.4E+11,1.02E+11,1.4E+11,1.55E+12,2.33E+11,2.62E+12,2.55E+11,2.52E+12,1.59E+13,1.6E+12,4.53E+11,5.49E+11,2.51E+12,3.2E+11,8.43E+12,1.68E+13,31901000000,3.24E+11,2.42E+13,1.14E+13,4.94E+12,7.9E+12,1.6E+13,-1.98E+12,TRUE,1455.639282,2800.760986,0.92407626,1,energy,477,3807.230769,7.981615868,0.31375,0.322949117,0.40990566,0.236792453,-59.80769231,2.307692308,1.851012146,0.016556313,0.876033058,0.207438017
PTPP.jk,2.16E+13,2.33E+12,3.47E+12,2.81E+12,8.54E+11,-7.6E+11,3.55E+12,1.5E+12,1.5E+12,1.96E+12,2.33E+12,64366117108,8.43E+11,2.28E+13,4.84E+11,2.51E+13,1.96E+13,4.71E+12,8.65E+12,6.2E+11,124704499,1.4E+11,2.92E+11,76096359433,4.66E+12,8.03E+12,2.49E+12,3.55E+12,2.22E+13,1.24E+13,4.47E+12,1.92E+12,2.23E+12,1.31E+12,2.16E+12,7.69E+12,5.27E+12,1.23E+12,1.4E+11,5.25E+13,3.75E+13,2.66E+13,3.62E+13,1.28E+13,2.16E+12,FALSE,2425.874756,1694.377075,-0.301539755,-1,infrastructures,242,2254.269231,9.315162112,0.1171875,0.08996139,0.138247012,0.059760956,-3.065789474,1.409774436,1.165037594,0.7234375,0.478095238,0.028571429
PWON.jk,3E+12,3.46E+12,4.09E+12,3.24E+12,4.1E+11,-2.43E+11,2.72E+12,2.54E+12,2.54E+12,2.83E+12,3.46E+12,46564516000,5.8E+11,3.62E+12,-2.22E+11,7.08E+12,2.96E+11,3.62E+11,4.46E+12,1.2E+12,58323149000,1.4E+11,1.4E+11,1.4E+11,3.58E+12,4.93E+12,73835103000,2.72E+12,5.32E+11,1.26E+13,1.37E+13,7.42E+11,2.93E+12,6.76E+11,11343726000,1.73E+12,1.1E+13,6.47E+11,15000000000,2.5E+13,9.47E+12,4.1E+12,9.71E+12,1.26E+13,11343726000,FALSE,664.5733032,608.399231,-0.084526526,0,properties_realestate,52.8,582.8538462,11.0388986,0.201587302,0.165550239,0.577683616,0.358757062,-14.23868313,2.309756098,1.221219512,0.442619048,0.2832,0.1016
RAJA.jk,97780080,6224827,20327964,15068487,2634609,-5518401,39949150,11431532,11431532,12433878,6224827,1911803,11638381,111883217,8843660,118108044,7856272,23215570,20036856,10964473,1267380,658976,21435629,11692007,148194,40000000,5986767,39949150,39143061,58678438,27674968,7540651,2979504,1315098,6517385,57446007,51108646,6488592,1.4E+11,191104140,66868762,17833522,59348916,91806074,6517385,TRUE,250.7975159,272.7347107,0.087469745,1,energy,0,544.1192308,9343.202772,0.124518254,0.035925462,0.17211329,0.096788767,-1.128012807,3.749610537,7853.702702,0.506378173,0.618029751,0.059818338
RALS.jk,3.41E+12,5.8E+11,2.33E+12,7.17E+11,1.3E+11,-35627000000,1.6851E+12,5.87E+11,5.87E+11,5.87E+11,5.8E+11,27492000000,1.72E+12,5.16E+12,1.37E+11,5.74E+12,9.09E+11,1.32E+11,1.95E+12,3.55E+11,51349000000,1.4E+11,1.4E+11,12217000000,8.6E+11,1.4E+11,1.4E+11,1.4E+11,37775000000,3.82E+12,5.09E+11,1.52E+11,1.05E+11,3.22E+11,-49768000000,1.16E+12,3.73E+12,1.4E+11,5.51E+11,5.24E+12,3.56E+12,1.09E+12,1.42E+12,3.83E+12,-3.9E+11,TRUE,1003.870178,1220.796509,0.216090024,1,consumer_cylicals,87.33,1305.846154,14.9530076,0.153263708,0.139759036,0.405923345,0.102264808,-16.2797878,3.266055046,2.329151376,0.07310705,1.095419847,0.112022901
SCMA.jk,2.37E+12,1.84E+12,2.91E+12,1.94E+12,4.66E+11,-3398533000,6.45E+11,1.48E+12,1.48E+12,1.48E+12,1.84E+12,5893177000,1.06E+12,3.44E+12,1.01E+11,5.28E+12,3.8E+11,2.79E+11,9.94E+11,7.31E+11,2.9425E+11,1.4E+11,5.94E+11,6.93E+11,9.56E+11,4.97272E+12,1.51E+11,6.45E+11,1.69E+12,3.52E+12,2.87E+11,97815474000,2.68E+11,2.18E+11,2.45E+11,1.07E+12,3.55E+12,14716000000,6.62216E+11,6.59E+12,3.79E+12,9.2E+11,1.14E+12,4.81E+12,2.45E+11,FALSE,457.8332825,354.8070679,-0.22502998,-1,consumer_cylicals,20.31,444.4538462,21.88349809,0.307692308,0.324514991,0.551136364,0.28030303,-541.4100731,4.119565217,168.7540784,3.22391249,0.801213961,0.224582701
SIDO.jk,1.34E+12,8.16E+11,1.42E+12,8.68E+11,2.04E+11,-30000000,7000000,6.64E+11,6.64E+11,6.64E+11,8.16E+11,-8665000000,6.17E+11,1.95E+12,51537000000,2.76E+12,1.82E+11,7.06E+11,8.06E+11,1.5E+12,59358000000,1.4E+11,91366000000,48505000000,3.11E+11,1.4E+11,1.4E+11,7000000,4.16E+11,2.76E+12,1.01E+11,1803000000,83609000000,66634000000,1.4E+11,1.55E+12,7.55E+11,1.4E+11,1.4E+11,3.34E+12,1.54E+12,3.68E+11,4.35E+11,2.9E+12,-59279000000,TRUE,208.5135803,339.0186462,0.625882812,1,healthcare,22.13,383.7244928,17.33956136,0.228965517,0.274562584,0.514492754,0.24057971,-27200,4.184782609,3.701086957,0.096551724,0.826347305,0.198802395
SIMP.jk,1.18E+13,9.04E+11,2.29E+12,2.28E+11,4.06E+11,-7.38E+11,3.42E+12,-76566000000,-76566000000,-1.78E+11,9.04E+11,14995000000,1.37E+12,1.32E+13,-6.76E+11,1.41E+13,8.82E+11,2.5E+12,2.07E+12,3.16E+12,1.11E+12,91921000000,2.34E+12,1.4E+11,2.43E+12,4.65E+12,1.02E+12,3.42E+12,1.39E+12,1.25E+13,4.26E+12,1.08E+12,5.25E+11,3.94E+12,62259000000,2.01E+13,9.4E+12,1E+12,1.4E+11,3.47E+13,6.99E+12,7.79E+12,1.64E+13,1.49E+13,-1.99E+11,TRUE,440.0743103,444.1414795,0.009242005,0,consumer_noncylicals,-5,514.1615385,-102.8323077,-0.005138658,0.03359346,0.162411348,-0.005430213,-1.224932249,0.897304236,0.462130937,0.379194631,0.406340058,-0.002206513
SMBR.jk,1.31E+12,2.6E+11,6.87E+11,1.45E+11,69281988000,-1.17E+11,36324000,76071973000,76071973000,76074721000,2.6E+11,-12018199000,4.39E+11,1.74E+12,-1.15E+11,2E+12,4.62E+11,1.27E+12,4.66E+11,9.93E+11,2.9425E+11,1.4E+11,1.4E+11,78506745000,2.91E+11,1.26E+12,25000000,36324000,4.89E+11,3.4E+12,88658915000,1.04E+11,6544195000,98224465000,-47053530000,4.01E+12,1.26E+12,59241272000,1.4E+11,5.54E+12,1.36E+12,6.36E+11,2.06E+12,3.47E+12,-47053530000,FALSE,3779.275146,1742.479736,-0.538938111,-1,basic_materials,8,2944.365385,368.0456731,0.021922759,0.053017945,0.3435,0.038035987,-2.222222222,2.13836478,1.721698113,0.380184805,0.36101083,0.013731403
SMGR.jk,2.15E+13,4.91E+12,9.16E+12,4.1E+12,1.02E+12,-9.31E+11,1.42E+12,3.08E+12,3.08E+12,3.09E+12,4.91E+12,-1.33E+11,4.39E+12,2.58E+13,-8.02E+11,3.07E+13,4.48E+12,1.46E+12,5.25E+12,5.93E+11,5.63E+11,1.4E+11,3.33E+11,7.52E+11,3.54E+12,7.64E+12,1.41E+11,1.42E+12,5.96E+12,3.01E+13,1.07E+12,1.12E+12,5.73E+11,2.08E+12,5.27E+11,3.24E+13,2.86E+13,50136000000,8453000000,5.08E+13,1.61E+13,8.18E+12,1.82E+13,3.12E+13,5.27E+11,TRUE,9120.674805,10757.07324,0.179416378,1,basic_materials,519,9596.826923,18.490996,0.098717949,0.11520413,0.298371336,0.100325733,-5.273899033,1.968215159,1.371449022,0.246478718,0.604330709,0.060629921
SMRA.jk,2.92E+12,1.55E+12,2.74E+12,9.69E+11,2.78E+11,-6.65E+11,2.16E+12,4.49E+11,4.49E+11,6.91E+11,1.55E+12,6802055000,1.18E+12,4.11E+12,-5.79E+11,5.66E+12,76740768000,22996315000,1.52E+12,1.44E+12,605798000,1.4E+11,1.4E+11,1.4E+11,8.09E+12,4.89E+12,6067448000,2.16E+12,4.55E+11,6.9E+12,1.24E+13,4.01E+11,2.39E+12,2.11E+12,1557398000,3.77E+11,5.44E+12,1.93E+12,1.4E+11,2.33E+13,1.05E+13,7.23E+12,1.42E+13,6.9E+12,1557398000,FALSE,926.3294067,792.9760742,-0.143958868,-1,properties_realestate,30.13,845.8269231,28.07258291,0.065072464,0.096453018,0.48409894,0.079328622,-2.330827068,1.452282158,0.29253112,0.988405797,0.242918455,0.019270386
SMSM.jk,2.74E+12,8.05E+11,1.19E+12,8.28E+11,1.95E+11,-5724000000,2.87E+11,5.57E+11,5.57E+11,6.34E+11,8.05E+11,13689000000,3.75E+11,3.13E+12,23586000000,3.93E+12,2.52E+11,49899000000,66860000000,1.44E+11,40124000000,1.4E+11,1.4E+11,6567000000,7.58E+11,25231000000,66035000000,2.87E+11,9.42E+11,1.86E+12,1.26E+11,82060000000,87854000000,1.48E+11,3034000000,7.49E+11,1.67E+12,9067000000,1.4E+11,2.8E+12,1.85E+12,4.7E+11,6.51E+11,1.86E+12,3034000000,TRUE,993.9730835,1150.268799,0.157243408,1,consumer_cylicals,97,1382,14.24742268,0.299462366,0.345493562,0.302798982,0.14173028,-140.6359189,3.936170213,2.444382979,0.018439785,1.403571429,0.198928571
SOCI.jk,84371096,39015831,48030726,15309792,1901313,-21239234,301652,13375119,13375119,13408479,39015831,2.85665E+11,7776280,93385991,-23706039,132401822,9137260,102233949,6570425,65774670,197743,14153062,286921,1.4696E+12,18667049,304043555,1.4E+11,301652,51279975,326624966,14820489,16553709,1450141,1741936,1.4E+11,561453984,158903268,13461677,1.4E+11,669877417,93316023,36719559,342663878,326911887,1.4E+11,FALSE,230.3248291,129.663269,-0.437041723,-1,energy,0,191.3692308,9343.202772,0.040913529,0.061621017,0.362764842,0.101019146,-1.83696978,2.54131655,3814.257421,0.971225717,0.197650822,0.019966517
SRIL.jk,850736457,136966553,183209109,99413342,14857309,-63434510,1.6851E+12,84556033,84556033,84556033,136966553,4444749,41797807,896979013,-37553211,1033945566,58869805,44669942,128073266,167476063,3215137,1.4E+11,1.4E+11,1.4E+11,363850680,587281982,27561,1.4E+11,209329778,516247531,4410909,4677686,23148388,31787156,-9925233,653580976,314026759,10629232,1.4E+11,1364271991,706252545,228955322,848024460,516247531,-9925233,FALSE,362.486145,349.9322205,-0.03463284,0,consumer_cylicals,0,346.8230769,9343.202772,0.163789709,0.120641718,0.177194153,0.081779966,-2.159180437,3.08467407,612.9466737,1.158187067,0.757873483,0.061978868
SSIA.jk,2.72E+12,2.68E+11,9.58E+11,2.14E+11,1.24E+11,-1.69E+11,4.41E+11,37674434371,37674434371,89833255584,2.68E+11,21498567878,6.68E+11,3.41E+12,-54603501981,3.68E+12,4.63E+11,2.9E+11,1.37E+12,5.88E+11,2802766707,28850804677,1.4E+11,1.4E+11,4.63E+11,7.52E+11,3.2E+11,4.41E+11,1.26E+12,3.94E+12,2.37E+12,1.38E+11,6.67E+11,2.34E+11,1.46E+11,1.25E+12,2.96E+12,7.47E+11,2.12E+11,7.4E+12,3.46E+12,2.03E+12,3.02E+12,3.94E+12,1.1E+11,TRUE,483.3565979,485.8898926,0.005241047,0,infrastructures,8.1,523.0461538,64.57359923,0.009562039,0.04990689,0.260326087,0.010237618,-1.585798817,1.704433498,1.4,0.380456853,0.497297297,0.00509114
SSMS.jk,2.22E+12,7.77E+11,1.49E+12,3.41E+11,2.54E+11,-4.5E+11,18555072000,86203451000,86203451000,86770969000,7.77E+11,1.57E+11,5.57E+11,2.93E+12,-4.37E+11,3.71E+12,38096796000,5.41E+11,2.3E+12,9.53E+11,9129392000,1.4E+11,1.4E+11,7778577000,4.55E+11,5.85E+12,95000000000,18555072000,2.93E+12,4.04E+12,5.11E+11,3.84E+11,5.09E+11,2.18E+11,1.22E+11,4.58E+12,2.44E+12,1.04E+11,20000000000,1.13E+13,6.1E+12,1.16E+12,7.23E+12,4.05E+12,1.22E+11,FALSE,1256.213257,1067.437256,-0.150273849,-1,consumer_noncylicals,9.05,1312.865385,145.0679983,0.021284803,0.076627219,0.401617251,0.023235432,-1.726666667,5.25862069,4.525862069,1.470123457,0.328318584,0.007628624
TBIG.jk,7.84E+11,3.15E+12,3.53E+12,1.03E+12,3.32E+11,-2E+12,3.09E+11,6.81E+11,6.81E+11,7.03E+11,3.15E+12,26545000000,3.22E+11,1.17E+12,-2.12E+12,4.32E+12,2.32E+11,1.4E+11,2.21E+11,4.53E+11,3.45E+11,1.4E+11,4.29E+11,1685000000,22723000000,1.9E+13,1.4E+11,3.09E+11,1.21E+12,2.94E+12,4.78E+12,5.14E+11,1.71E+12,42695000000,2.56E+12,2.19E+13,1.34E+12,3.89E+12,1508000000,2.91E+13,2.03E+12,6.42E+12,2.54E+13,3.37E+12,1.58E+12,FALSE,1131.814209,655.4850464,-0.420854553,-1,infrastructures,31.26,1046.680769,33.48307003,0.202077151,0.138888889,0.81712963,0.157638889,-1.575,0.316199377,0.223132087,6.792284866,0.148453608,0.023402062
TBLA.jk,6.23E+12,1.78E+12,2.38E+12,1.04E+12,2.79E+11,-6.77E+11,19944000000,7.58E+11,7.58E+11,7.64E+11,1.78E+12,56749000000,5.45E+11,6.83E+12,-7.37E+11,8.61E+12,1.64E+12,5.15E+11,2.24E+11,6.68E+11,3041000000,1.4E+11,1.4E+11,1.4E+11,3.29E+12,6.56E+12,1.4E+11,19944000000,2.04E+12,4.76E+12,3.02E+11,6.27E+11,5.78E+11,1.69E+12,3.81E+11,9.83E+12,3.2E+12,4.9E+11,1.4E+11,1.63E+13,6.2E+12,3.3E+12,1.16E+13,4.76E+12,3.81E+11,FALSE,954.1324463,700.9217529,-0.26538317,-1,consumer_noncylicals,141.84,1044.5,7.36393119,0.159243697,0.136923077,0.276422764,0.088037166,-2.629246677,1.878787879,0.728484848,1.481092437,0.528220859,0.046503067
TINS.jk,9.86E+12,1.45E+11,1.15E+12,1.99E+11,15201000000,-2.99E+11,190000000,1.32E+11,1.32E+11,1.84E+11,1.45E+11,70404000000,9.39E+11,1.09E+13,53955000000,1.1E+13,1.32E+12,55000000,7.85E+11,3.72E+11,1.97E+11,1.4E+11,1.4E+11,1.4E+11,4.22E+12,1.5E+12,1.53E+11,190000000,1.96E+12,6.15E+12,2.73E+12,2.05E+12,2.8E+11,9.37E+11,27997000000,3.32E+12,5.75E+12,1.18318E+12,1657000000,1.52E+13,9.02E+12,6.64E+12,9.07E+12,6.15E+12,27997000000,FALSE,720.6929321,717.494873,-0.004437478,0,basic_materials,71,870.0576923,12.25433369,0.021463415,0.016939252,0.104545455,0.012,-0.484949833,1.358433735,0.413653163,3.22391249,0.723684211,0.008684211
TKIM.jk,941482000,39624000,114318000,250802000,5093000,-57689000,1.6851E+12,245709000,245709000,245709000,39624000,2.85665E+11,74694000,1016176000,211178000,1055800000,65281000,29215000,153999000,684810000,1389000,1.4E+11,1.4E+11,1.4E+11,330968000,1108432000,809134000,1.4E+11,123735000,1235185000,139482000,62188000,25253000,66460000,882000,1074841000,520278000,65251000,256667000,2965136000,941679000,555059000,1729951000,1235185000,882000,TRUE,2869.73584,10933.08984,2.80978963,1,basic_materials,0.08,10619.19231,132739.9039,0.198924857,0.016440968,0.108276189,0.232723054,-0.68685538,1.696538566,0.962782335,0.950208268,0.356071357,0.082866014
TLKM.jk,6.13E+13,3.86E+13,6.95E+13,3.64E+13,9.43E+12,-3.51E+12,1.84E+13,1.8E+13,1.8E+13,2.7E+13,3.86E+13,-8.49E+11,1.04E+13,9.22E+13,-2.22E+12,1.31E+14,1.62E+12,2.46E+12,1.74E+13,4.95E+12,2.5E+12,4.74E+11,1.04E+12,5.74E+12,7.17E+11,3.14E+13,2.69E+12,1.84E+13,1.27E+13,9.21E+13,1.02E+13,6.01E+12,1.97E+13,8.88E+12,5.07E+11,1.43E+14,9.1E+13,5.49E+12,1.15E+12,2.06E+14,4.33E+13,4.63E+13,8.89E+13,9.89E+13,5.07E+11,FALSE,3793.674316,3232.642334,-0.147886175,-1,infrastructures,182.03,3766.846154,20.69354587,0.182002022,0.241703193,0.530534351,0.13740458,-10.997151,0.935205184,0.674946004,0.373003033,0.63592233,0.087378641
TOWR.jk,4.28E+11,3.88E+12,5.44E+12,2.96E+12,7.6E+11,-8.05E+11,4000000,2.2E+12,2.2E+12,2.2E+12,3.88E+12,-1.21E+11,9.52E+11,1.98E+12,-9.24E+11,5.87E+12,6.97E+11,20576000000,9.63E+11,5.1E+11,3793000000,2.51E+12,3.6E+11,8.32E+11,1.4E+11,9.12E+12,2.17E+11,4000000,1.02E+12,6.84E+12,3.29E+12,2.36E+11,1.25E+12,1.05E+12,81356000000,1.6E+13,7.55E+12,2.39E+12,1.4E+11,2.3E+13,2.28E+12,4.75E+12,1.49E+13,8.03E+12,-45282000000,FALSE,686.0073242,616.5614014,-0.101232043,0,infrastructures,43,598.7653846,13.92477639,0.273972603,0.21260274,0.926746167,0.374787053,-4.819875776,0.48,0.446947368,1.433374844,0.255217391,0.095652174
TPIA.jk,2152729000,314761000,390490000,254067000,71751000,-42071000,5686000,181651000,181651000,182316000,314761000,2.85665E+11,75729000,2228458000,-60694000,2543219000,568878000,459075000,726714000,380947000,1.4E+11,1.4E+11,1.4E+11,1.4E+11,288307000,539113000,8507000,5686000,160390000,1764391000,42297000,172253000,35456000,184046000,-3543000,1726965000,927912000,68952000,40219000,3173486000,1395717000,680250000,1403409000,1764391000,-3543000,FALSE,1462.390381,1460.981079,-0.000963697,0,basic_materials,0.01,1375.855769,137585.5769,0.102953937,0.126245971,0.153541634,0.071425622,-7.481661952,2.051770673,1.363209114,0.34463166,0.801396004,0.057240208
UNTR.jk,6.35E+13,1.62E+13,2.11E+13,1.6E+13,4.49E+12,-4.75E+11,3.27E+12,1.11E+13,1.11E+13,1.15E+13,1.62E+13,3.82E+11,4.34E+12,6.84E+13,-2.12E+11,8.46E+13,3.23E+13,9.7E+12,1.34E+13,9.33E+11,1.58E+12,1.19E+12,2.9E+12,1.4E+11,1.44E+13,2.96E+12,2.19E+12,3.27E+12,2.35E+13,5.09E+13,8.1E+12,4.01E+12,4.37E+12,7.16E+12,2.62E+12,4.74E+13,4.05E+13,54327000000,6.62216E+11,1.16E+14,5.57E+13,4.88E+13,5.92E+13,5.38E+13,2.62E+12,FALSE,28350.29688,22522.7207,-0.20555609,-1,industrials,118.7804969,34002.30769,9343.202772,0.206319703,0.241071429,0.249408983,0.131205674,-34.10526316,1.141393443,168.7540784,0.056028383,0.729310345,0.095689655
UNVR.jk,2.07E+13,9.5E+12,2.11E+13,1.21E+13,3.07E+12,-1.92E+11,1.6851E+12,9.08E+12,9.08E+12,9.08E+12,9.5E+12,-5561000000,1.16E+13,3.23E+13,2.65E+12,4.18E+13,4.57E+12,96000000000,3.52E+11,76300000000,1.4E+11,1.4E+11,61925000000,4.34E+11,2.66E+12,1.4E+11,1.4E+11,1.4E+11,5.01E+12,6.89E+12,49228000000,1.39E+11,1.66E+12,7.72E+11,1.4E+11,1.15E+13,7.21E+12,1.4E+11,1.4E+11,2.03E+13,8.26E+12,1.13E+13,1.29E+13,7.38E+12,1.4E+11,FALSE,9740.731445,8080.275879,-0.170465183,-1,consumer_noncylicals,238.8,9448.903846,39.56827406,1.230352304,1.055555556,0.504784689,0.21722488,-49.47916667,0.730973451,0.486902655,0.037940379,2.0591133,0.44729064
WEGE.jk,5.23E+12,4.8E+11,5.97E+11,6.18E+11,1.74E+11,-465456679,25736507868,4.44E+11,4.44E+11,4.44E+11,4.8E+11,38461172398,78373881920,5.34E+12,1.38E+11,5.82E+12,1.6E+12,5.23E+11,1.77E+12,9.57E+11,47881493,1.4E+11,1.4E+11,1.4E+11,2.99E+11,4.97272E+12,2.33E+11,25736507868,2.81E+12,2.11E+12,2.97E+11,3.59E+11,1.84E+11,8.73E+11,7958123768,86169463218,6.23E+11,1.18318E+12,13843672162,5.89E+12,5.27E+12,2.88E+12,3.75E+12,2.11E+12,7958123768,FALSE,231.3344116,208.7213745,-0.097750425,0,infrastructures,46.41,240.2653846,5.177017552,0.21042654,0.159468439,0.10257732,0.07628866,-1031.245273,1.829861111,1.595084608,3.22391249,0.98811545,0.075382003
WIIM.jk,5.23E+11,52186278119,4.36E+11,70730637719,19587786800,-1191546500,1259528070,51087231805,51087231805,51142850919,52186278119,2483026345,3.82E+11,9.08E+11,18544359600,9.6E+11,82882230951,3.04E+11,87068080028,2.1E+11,14417712583,1.4E+11,1.4E+11,1725523673,6.53E+11,4.97272E+12,1.4E+11,1259528070,63505860269,1E+12,44877789977,59163122787,40371122101,1E+11,274928530,3.2E+11,4.9E+11,1.18318E+12,17390283973,1.26E+12,8.89E+11,1.5E+11,2.5E+11,1E+12,274928530,FALSE,261.4637146,127.1254578,-0.513793117,-1,consumer_noncylicals,24.33,217.7,8.947801069,0.051087232,0.047014665,0.454166667,0.053215866,-43.7970974,5.926666667,1.119761495,3.22391249,0.761904762,0.040545422
WIKA.jk,2.76E+13,2.79E+12,3.6E+12,3.09E+12,1.01E+12,-9.73E+11,2.41E+12,1.73E+12,1.73E+12,2.07E+12,2.79E+12,31806557000,7.86E+11,2.84E+13,2.98E+11,3.12E+13,1.32E+13,6.56E+12,1.4E+13,8.97E+11,31437295000,43592119000,4847052000,7.28E+11,5.98E+12,8.88E+12,3.47E+12,2.41E+12,2.18E+13,1.41E+13,4.62E+12,3.29E+12,2.27E+12,4.67E+12,1.88E+12,4.68E+12,5.48E+12,2.59E+11,1.4E+11,5.92E+13,4.57E+13,2.83E+13,4.2E+13,1.48E+13,1.87E+12,TRUE,1439.496704,1563.898193,0.086420128,1,infrastructures,193.02,1577.673077,8.173624894,0.116891892,0.090291262,0.115384615,0.055448718,-2.867420349,1.614840989,1.269964664,0.6175,0.527027027,0.029222973
WOOD.jk,1.36E+12,4.73E+11,7.38E+11,3.25E+11,82602301461,-1.56E+11,10260274523,2.39E+11,2.39E+11,2.42E+11,4.73E+11,5649920523,2.59E+11,1.63E+12,-1.49E+11,2.1E+12,77142451785,2.27E+11,64166199514,6.31E+11,7453231366,5778312674,1.4E+11,1.4E+11,1.57E+12,2.05E+11,18870000000,10260274523,5.84E+11,2.44E+12,3.11E+11,98202696742,88073723701,1.2E+11,1.04E+12,1.93E+12,5.4E+11,54856404655,1.4E+11,4.59E+12,2.33E+12,1.79E+12,2.14E+12,2.44E+12,1.04E+12,TRUE,240.4448853,606.0393677,1.520491825,1,consumer_cylicals,38.2,461.7115385,12.08668949,0.09795082,0.168928571,0.351428571,0.113809524,-3.032051282,1.301675978,0.440316313,0.106498526,0.45751634,0.052069717
WSBP.jk,6.15E+12,1.65E+12,1.85E+12,1.39E+12,2.91E+11,-3.32E+11,1.6851E+12,1.1E+12,1.1E+12,1.1E+12,1.65E+12,2.85665E+11,1.96E+11,6.35E+12,-2.56E+11,8E+12,1.4E+12,3.94E+12,1.3E+12,2.64E+12,2.9425E+11,1.83E+11,1.4E+11,7501599858,2.23E+12,4.97272E+12,14464881275,1.4E+11,5.52E+12,7.87E+12,2.38E+11,1.19E+12,3.51E+11,12812799172,3.07E+11,4.73E+12,1.77E+12,1.18318E+12,1.4E+11,1.52E+13,1.02E+13,7.33E+12,7.34E+12,7.88E+12,-4.69E+11,FALSE,340.8911133,336.9689026,-0.011505758,0,basic_materials,42.62,394.3153846,9.251886077,0.139593909,0.209656925,0.23125,0.1375,-4.969879518,1.39154161,0.94952251,3.22391249,0.526315789,0.072368421
WSKT.jk,3.99E+13,6.77E+12,8.86E+12,7.03E+12,2.41E+12,-2.46E+12,1.09E+13,3.96E+12,3.96E+12,4.62E+12,6.77E+12,4.23E+11,1.67E+12,4.2E+13,2.55E+11,4.88E+13,1.4E+13,5.55E+12,1.08E+13,1.36E+12,1557248071,3.92E+11,2E+12,4.03E+13,5.09E+12,3.31E+13,7E+12,1.09E+13,4.75E+13,-2.43E+13,1.04E+12,3.53E+12,8.47E+12,5.64E+12,7.44E+11,7.09E+12,1.03E+13,2.42E+12,1.4E+11,1.24E+14,6.7E+13,5.68E+13,9.55E+13,1.8E+13,7.44E+11,FALSE,2057.42334,1600.783203,-0.221947583,-1,infrastructures,291.95,2125.038462,7.278775345,0.22,0.100744048,0.181557377,0.081147541,-2.75203252,1.179577465,1.028873239,1.973333333,0.393548387,0.031935484
WTON.jk,6.05E+12,7.25E+11,8.82E+11,6.57E+11,1.7E+11,-94839584808,72329841225,4.86E+11,4.86E+11,4.87E+11,7.25E+11,2.85665E+11,1.5E+11,6.21E+12,-68089626217,6.93E+12,1.15E+12,9.73E+11,8.65E+11,8.72E+11,1312527614,1.4E+11,1.4E+11,1.4E+11,1.27E+12,3.5E+11,57410333011,72329841225,3.11E+12,3.06E+12,5692527614,5.38E+11,8.11E+11,1.07E+11,1.4E+11,2.95E+12,1.28E+12,1.18318E+12,1.4E+11,8.88E+12,5.87E+12,5.25E+12,5.74E+12,3.06E+12,-58246193143,FALSE,435.5231323,335.2594604,-0.230214343,-1,basic_materials,55.8,439.5,7.876344086,0.158823529,0.199724518,0.127272727,0.07012987,-7.644487283,1.118095238,0.783809524,3.22391249,0.780405405,0.05472973
